[
 {
    "model": "airport.airport",
    "pk": 1,
    "fields": {
      "name": "Los Angeles International Airport",
      "closest_big_city": "Los Angeles"
    }
  },
  {
    "model": "airport.airport",
    "pk": 2,
    "fields": {
      "name": "John F. Kennedy International Airport",
      "closest_big_city": "New York"
    }
  },
  {
    "model": "airport.airport",
    "pk": 3,
    "fields": {
      "name": "Heathrow Airport",
      "closest_big_city": "London"
    }
  },
  {
    "model": "airport.airport",
    "pk": 4,
    "fields": {
      "name": "Narita International Airport",
      "closest_big_city": "Tokyo"
    }
  },
  {
    "model": "airport.airport",
    "pk": 5,
    "fields": {
      "name": "Sydney Kingsford Smith Airport",
      "closest_big_city": "Sydney"
    }
  },
  {
    "model": "airport.airport",
    "pk": 6,
    "fields": {
      "name": "Dubai International Airport",
      "closest_big_city": "Dubai"
    }
  },
  {
    "model": "airport.route",
    "pk": 1,
    "fields": {
      "source": 1,
      "destination": 2,
      "distance": 2450
    }
  },
  {
    "model": "airport.route",
    "pk": 2,
    "fields": {
      "source": 2,
      "destination": 3,
      "distance": 3460
    }
  },
  {
    "model": "airport.route",
    "pk": 3,
    "fields": {
      "source": 3,
      "destination": 4,
      "distance": 5960
    }
  },
  {
    "model": "airport.route",
    "pk": 4,
    "fields": {
      "source": 4,
      "destination": 5,
      "distance": 7750
    }
  },
  {
    "model": "airport.route",
    "pk": 5,
    "fields": {
      "source": 5,
      "destination": 6,
      "distance": 12005
    }
  },
  {
    "model": "airport.route",
    "pk": 6,
    "fields": {
      "source": 1,
      "destination": 3,
      "distance": 5440
    }
  },
  {
    "model": "airport.route",
    "pk": 7,
    "fields": {
      "source": 2,
      "destination": 4,
      "distance": 5590
    }
  },
  {
    "model": "airport.route",
    "pk": 8,
    "fields": {
      "source": 3,
      "destination": 5,
      "distance": 17120
    }
  },
  {
    "model": "airport.route",
    "pk": 9,
    "fields": {
      "source": 4,
      "destination": 6,
      "distance": 4070
    }
  },
  {
    "model": "airport.route",
    "pk": 10,
    "fields": {
      "source": 1,
      "destination": 5,
      "distance": 7090
    }
  },
  {
    "model": "airport.crew",
    "pk": 1,
    "fields": {
      "first_name": "Alex",
      "last_name": "Johnson"
    }
  },
  {
    "model": "airport.crew",
    "pk": 2,
    "fields": {
      "first_name": "Emily",
      "last_name": "Smith"
    }
  },
  {
    "model": "airport.crew",
    "pk": 3,
    "fields": {
      "first_name": "Daniel",
      "last_name": "Miller"
    }
  },
  {
    "model": "airport.crew",
    "pk": 4,
    "fields": {
      "first_name": "Sophia",
      "last_name": "Jones"
    }
  },
  {
    "model": "airport.crew",
    "pk": 5,
    "fields": {
      "first_name": "Ethan",
      "last_name": "Davis"
    }
  },
  {
    "model": "airport.crew",
    "pk": 6,
    "fields": {
      "first_name": "Olivia",
      "last_name": "Brown"
    }
  },
  {
    "model": "airport.crew",
    "pk": 7,
    "fields": {
      "first_name": "William",
      "last_name": "White"
    }
  },
  {
    "model": "airport.crew",
    "pk": 8,
    "fields": {
      "first_name": "Ava",
      "last_name": "Taylor"
    }
  },
  {
    "model": "airport.crew",
    "pk": 9,
    "fields": {
      "first_name": "James",
      "last_name": "Wilson"
    }
  },
  {
    "model": "airport.crew",
    "pk": 10,
    "fields": {
      "first_name": "Mia",
      "last_name": "Moore"
    }
  },
  {
    "model": "airport.crew",
    "pk": 11,
    "fields": {
      "first_name": "Liam",
      "last_name": "Johnson"
    }
  },
  {
    "model": "airport.crew",
    "pk": 12,
    "fields": {
      "first_name": "Emma",
      "last_name": "Anderson"
    }
  },
  {
    "model": "airport.crew",
    "pk": 13,
    "fields": {
      "first_name": "Jackson",
      "last_name": "Smith"
    }
  },
  {
    "model": "airport.crew",
    "pk": 14,
    "fields": {
      "first_name": "Grace",
      "last_name": "Williams"
    }
  },
  {
    "model": "airport.crew",
    "pk": 15,
    "fields": {
      "first_name": "Lucas",
      "last_name": "Johnson"
    }
  },
  {
    "model": "airport.airplanetype",
    "pk": 1,
    "fields": {
      "name": "Boeing 737"
    }
  },
  {
    "model": "airport.airplanetype",
    "pk": 2,
    "fields": {
      "name": "Airbus A320"
    }
  },
  {
    "model": "airport.airplanetype",
    "pk": 3,
    "fields": {
      "name": "Embraer E190"
    }
  },
  {
    "model": "airport.airplanetype",
    "pk": 4,
    "fields": {
      "name": "Bombardier Q400"
    }
  },
  {
    "model": "airport.airplanetype",
    "pk": 5,
    "fields": {
      "name": "Boeing 777"
    }
  },
  {
    "model": "airport.airplane",
    "pk": 1,
    "fields": {
      "name": "SkyMaster 2000",
      "rows": 20,
      "seats_in_row": 6,
      "airplane_type": 1
    }
  },
  {
    "model": "airport.airplane",
    "pk": 2,
    "fields": {
      "name": "AirExpress XL",
      "rows": 18,
      "seats_in_row": 5,
      "airplane_type": 2
    }
  },
  {
    "model": "airport.airplane",
    "pk": 3,
    "fields": {
      "name": "TurboJet 300",
      "rows": 22,
      "seats_in_row": 8,
      "airplane_type": 3
    }
  },
  {
    "model": "airport.flight",
    "pk": 1,
    "fields": {
      "route": 1,
      "airplane": 1,
      "departure_time": "2023-12-10T08:00:00Z",
      "arrival_time": "2023-12-10T12:00:00Z"
    }
  },
  {
    "model": "airport.flight",
    "pk": 2,
    "fields": {
      "route": 2,
      "airplane": 2,
      "departure_time": "2023-12-11T10:30:00Z",
      "arrival_time": "2023-12-11T14:30:00Z"
    }
  },
  {
    "model": "airport.flight",
    "pk": 3,
    "fields": {
      "route": 3,
      "airplane": 3,
      "departure_time": "2023-12-12T14:45:00Z",
      "arrival_time": "2023-12-12T18:45:00Z"
    }
  },
  {
    "model": "airport.flight",
    "pk": 4,
    "fields": {
      "route": 4,
      "airplane": 1,
      "departure_time": "2023-12-13T09:15:00Z",
      "arrival_time": "2023-12-13T13:15:00Z"
    }
  },
  {
    "model": "airport.flight",
    "pk": 5,
    "fields": {
      "route": 5,
      "airplane": 2,
      "departure_time": "2023-12-14T12:00:00Z",
      "arrival_time": "2023-12-14T16:00:00Z"
    }
  },
  {
    "model": "user.user",
    "pk": 1,
    "fields": {
      "password": "pbkdf2_sha256$320000$oZqdjfUqKC500V7kk3kMmb$TBVlOMhfJxWrxbUnNpWZK0+rYM242g7do/YM5tkhn+M=",
      "last_login": null,
      "is_superuser": true,
      "username": "admin.user",
      "first_name": "Admin",
      "last_name": "User",
      "email": "admin.user@gmail.com",
      "is_staff": true,
      "is_active": true,
      "date_joined": "2022-08-09T09:06:18.876Z",
      "groups": [],
      "user_permissions": []
    }
  },
  {
    "model": "user.user",
    "pk": 2,
    "fields": {
      "password": "pbkdf2_sha256$320000$73Z1Y57bcoscZ37s9rE9v0$4SEQ0TtXwJKzO5/CRdFSrTifatiPjkZ38gM2H8Kqsdg=",
      "last_login": null,
      "is_superuser": false,
      "username": "andrew.matt",
      "first_name": "Andrew",
      "last_name": "Matt",
      "email": "andrew.matt@gmail.com",
      "is_staff": false,
      "is_active": true,
      "date_joined": "2022-08-09T09:06:18.876Z",
      "groups": [],
      "user_permissions": []
    }
  },
  {
    "model": "user.user",
    "pk": 3,
    "fields": {
      "password": "pbkdf2_sha256$320000$QtPol3T7x9quBj4BnbnVwW$UwT4kihkRfSvQEWEeuqVKwMgis2ikKVZfJDBcQMvOKY=",
      "last_login": null,
      "is_superuser": false,
      "username": "rey.swillow",
      "first_name": "Rey",
      "last_name": "Swillow",
      "email": "rey.swillow@gmail.com",
      "is_staff": false,
      "is_active": true,
      "date_joined": "2022-08-09T09:06:18.876Z",
      "groups": [],
      "user_permissions": []
    }
  },
  {
    "model": "airport.order",
    "pk": 1,
    "fields": {
      "created_at": "2023-12-10T14:30:00Z",
      "user": 1
    }
  },
  {
    "model": "airport.order",
    "pk": 2,
    "fields": {
      "created_at": "2023-12-11T09:45:00Z",
      "user": 2
    }
  },
  {
    "model": "airport.order",
    "pk": 3,
    "fields": {
      "created_at": "2023-12-12T16:20:00Z",
      "user": 3
    }
  },
  {
    "model": "airport.order",
    "pk": 4,
    "fields": {
      "created_at": "2023-12-13T11:00:00Z",
      "user": 1
    }
  },
  {
    "model": "airport.order",
    "pk": 5,
    "fields": {
      "created_at": "2023-12-14T13:15:00Z",
      "user": 2
    }
  },
  {
    "model": "airport.order",
    "pk": 6,
    "fields": {
      "created_at": "2023-12-15T08:45:00Z",
      "user": 3
    }
  },
  {
    "model": "airport.ticket",
    "pk": 1,
    "fields": {
      "row": 10,
      "seat": 5,
      "flight": 1,
      "order": 1
    }
  },
  {
    "model": "airport.ticket",
    "pk": 2,
    "fields": {
      "row": 5,
      "seat": 12,
      "flight": 2,
      "order": 2
    }
  },
  {
    "model": "airport.ticket",
    "pk": 3,
    "fields": {
      "row": 15,
      "seat": 8,
      "flight": 3,
      "order": 3
    }
  },
  {
    "model": "airport.ticket",
    "pk": 4,
    "fields": {
      "row": 8,
      "seat": 3,
      "flight": 4,
      "order": 4
    }
  },
  {
    "model": "airport.ticket",
    "pk": 5,
    "fields": {
      "row": 12,
      "seat": 6,
      "flight": 5,
      "order": 5
    }
  },
  {
    "model": "airport.ticket",
    "pk": 6,
    "fields": {
      "row": 7,
      "seat": 10,
      "flight": 1,
      "order": 4
    }
  },
  {
    "model": "airport.ticket",
    "pk": 7,
    "fields": {
      "row": 20,
      "seat": 4,
      "flight": 3,
      "order": 2
    }
  },
  {
    "model": "airport.ticket",
    "pk": 8,
    "fields": {
      "row": 13,
      "seat": 15,
      "flight": 2,
      "order": 5
    }
  },
  {
    "model": "airport.ticket",
    "pk": 9,
    "fields": {
      "row": 6,
      "seat": 8,
      "flight": 5,
      "order": 1
    }
  },
  {
    "model": "airport.ticket",
    "pk": 10,
    "fields": {
      "row": 18,
      "seat": 2,
      "flight": 4,
      "order": 3
    }
  }
]